date,numbers,fetched_at
14/09/2026 to 20/09/2026,"4,8,9,1,7,4,5,8,5,5,0,0,8,4,6,8",2026-09-16 11:28:55
14/09/2026 to 20/09/2026,"4,8,9,1,7,4,5,8,5,5,0,0,8,4,6,8,6,8,8,2,1,5,7,9",2026-09-17 14:30:07
14/09/2026 to 20/09/2026,"4,8,9,1,7,4,5,8,5,5,0,0,8,4,6,8,6,8,8,2,1,5,7,9,5,9,9,3,9,2,2,5",2026-09-18 13:49:39
05/04/2021 to 11/04/2021,"4,5,6,5,7,1,1,5,5,7,8,0,0,2,3,5,8,9,0,7,4,2,6,6,2,3,9,4,1,3,9,9,5,7,7,9,0,1,3,6,1,2,6,9,1,4,7,0,5,6,9,0,4,2,6,6",2026-09-18 18:18:54
12/04/2021 to 18/04/2021,"5,7,0,2,1,5,7,9,7,8,0,5,6,1,6,9,6,8,9,3,9,3,7,9,2,3,6,1,3,1,3,9,4,5,9,8,0,6,6,8,3,6,8,7,1,1,5,5,3,3,7,3,0,4,6,0",2026-09-18 18:18:54
19/04/2021 to 25/04/2021,"4,4,9,7,7,1,6,0,1,6,8,5,0,1,2,7,1,5,8,4,8,3,7,8,5,5,0,0,7,7,0,0,6,7,8,1,5,3,5,7,2,6,8,6,0,1,6,9,2,9,0,1,3,2,5,6",2026-09-18 18:18:54
26/04/2021 to 02/05/2021,"4,7,7,8,1,5,6,0,6,7,9,2,5,5,0,0,1,5,7,3,9,2,7,0,1,2,3,6,0,2,8,0,1,2,8,1,5,1,5,9,3,8,9,0,1,4,7,0,5,6,8,9,7,3,6,8",2026-09-18 18:18:54
03/05/2021 to 09/05/2021,"6,7,0,3,2,1,4,7,2,5,8,5,3,1,5,7,2,5,9,6,4,2,4,8,3,3,5,1,1,4,8,9,4,5,0,9,7,4,6,7,2,4,5,1,2,5,7,0,2,4,9,5,8,1,3,4",2026-09-18 18:18:54
10/05/2021 to 16/05/2021,"1,3,6,0,2,2,3,7,8,9,0,7,0,2,3,5,2,3,4,9,8,3,5,0,1,6,6,3,7,3,7,7,3,0,0,3,3,4,9,0,7,9,9,5,9,3,8,8,3,6,7,6,0,3,7,0",2026-09-18 18:18:54
17/05/2021 to 23/05/2021,"3,5,6,4,3,2,4,7,5,5,9,9,9,3,7,9,1,1,9,1,4,4,4,6,2,6,7,5,8,4,4,0,1,6,9,6,2,2,4,6,1,5,6,2,3,3,0,0,4,5,9,8,1,1,3,7",2026-09-18 18:18:54
24/05/2021 to 30/05/2021,"7,8,8,3,2,2,0,0,1,1,3,5,5,3,4,8,5,8,9,2,0,1,4,5,7,7,0,4,3,6,8,9,5,8,8,1,1,1,5,5,1,4,8,3,1,5,7,9,1,2,4,7,0,5,7,8",2026-09-18 18:18:54
31/05/2021 to 06/06/2021,"6,6,7,9,5,1,4,0,3,3,4,0,2,4,9,9,1,0,0,1,7,2,6,9,6,9,0,5,5,2,3,0,4,8,8,0,4,1,5,8,2,7,8,7,1,6,7,8,4,5,5,4,8,2,3,3",2026-09-18 18:18:54
07/06/2021 to 13/06/2021,"3,5,9,7,6,1,5,0,8,0,0,8,4,7,8,9,4,5,8,7,8,3,6,9,2,2,8,2,1,2,9,0,2,6,6,4,2,5,7,0,1,4,6,1,8,4,5,9,1,9,0,0,1,1,2,8",2026-09-18 18:18:54
14/06/2021 to 20/06/2021,"1,4,4,9,6,1,7,8,6,6,0,2,0,1,1,8,5,5,6,6,4,1,1,2,3,4,4,1,5,7,9,9,2,2,9,3,9,3,6,0,4,7,9,0,7,1,7,9,1,4,7,2,0,3,8,9",2026-09-18 18:18:54
21/06/2021 to 27/06/2021,"6,6,9,1,8,4,5,9,2,6,9,7,7,4,6,7,3,4,8,5,5,1,6,8,1,8,9,8,5,4,5,6,7,8,9,4,6,1,2,3,1,2,7,0,8,3,7,8,2,4,6,2,4,1,6,7",2026-09-18 18:18:54
28/06/2021 to 04/07/2021,"4,7,8,9,7,3,6,8,2,2,6,0,7,2,5,0,8,8,0,6,5,4,4,7,2,5,6,3,1,3,9,9,1,8,8,7,9,1,1,7,3,6,6,5,3,1,3,9,5,9,9,3,7,1,3,3",2026-09-18 18:18:54
05/07/2021 to 11/07/2021,"3,8,0,1,9,1,3,5,2,3,0,5,7,3,4,0,4,6,9,9,3,5,8,0,1,3,6,0,0,5,7,8,3,4,5,2,5,3,4,8,1,2,6,9,8,1,2,5,5,5,8,8,6,3,6,7",2026-09-18 18:18:54
12/07/2021 to 18/07/2021,"5,6,8,9,0,2,9,9,5,6,6,7,7,2,2,3,1,3,8,2,2,6,7,9,4,6,8,8,6,4,5,7,1,2,0,3,2,7,7,8,2,4,4,0,8,9,9,0,3,3,9,5,0,2,8,0",2026-09-18 18:18:54
19/07/2021 to 25/07/2021,"1,6,0,7,8,1,7,0,3,7,7,7,4,1,4,9,6,8,8,2,2,3,9,0,3,4,7,4,0,2,3,5,5,6,0,1,5,2,5,8,3,4,6,3,5,2,6,7,3,4,9,6,8,2,8,8",2026-09-18 18:18:54
26/07/2021 to 01/08/2021,"4,5,0,9,0,3,8,9,8,8,9,5,5,5,0,0,3,9,9,1,2,2,3,7,4,6,7,7,4,7,7,0,5,6,9,0,4,2,4,8,2,3,3,8,6,2,5,9,1,5,7,3,8,5,6,7",2026-09-18 18:18:54
02/08/2021 to 08/08/2021,"7,9,0,6,4,2,6,6,2,4,9,5,5,1,7,7,3,5,0,8,5,3,4,8,4,8,0,2,8,4,5,9,3,8,8,9,5,6,9,0,2,3,4,9,1,1,0,0,3,6,8,7,8,1,1,6",2026-09-18 18:18:54
09/08/2021 to 15/08/2021,"5,5,0,0,7,2,6,9,2,5,5,2,3,4,4,5,7,8,8,3,1,1,3,7,7,0,0,7,8,3,7,8,3,7,9,9,7,4,5,8,2,6,8,6,4,1,5,8",2026-09-18 18:18:54
16/08/2021 to 22/08/2021,"1,2,5,8,3,1,4,8,7,7,9,3,3,2,2,9,3,5,5,3,0,1,4,5,4,5,6,5,4,3,5,6,4,6,0,0,9,2,8,9,5,8,9,2,2,3,9,0,1,2,8,1,2,3,3,6",2026-09-18 18:18:54
23/08/2021 to 29/08/2021,"4,7,9,0,1,1,4,6,1,3,9,3,0,5,5,0,8,0,0,8,1,3,3,5,6,9,9,4,7,1,1,5,6,7,9,2,7,4,4,9,1,9,9,9,0,6,7,7,1,7,8,6,0,1,2,7",2026-09-18 18:18:54
30/08/2021 to 05/09/2021,"1,1,0,2,7,3,5,9,2,3,9,4,2,2,4,6,6,7,0,3,3,6,8,9,1,6,8,5,1,5,8,8,3,3,4,0,2,1,5,6,3,5,8,6,5,2,3,0,2,4,5,1,4,2,4,8",2026-09-18 18:18:54
06/09/2021 to 12/09/2021,"2,5,8,5,6,2,4,0,1,3,0,4,0,3,7,0,1,2,4,7,7,4,5,8,3,6,7,6,2,4,9,9,9,0,0,9,7,2,2,3,3,4,4,1,1,4,8,9,3,5,0,8,2,3,3,6",2026-09-18 18:18:54
13/09/2021 to 19/09/2021,"5,9,9,3,1,6,7,8,6,8,0,4,8,2,6,0,4,7,0,1,5,7,9,9,6,6,0,2,0,5,6,9,1,4,4,9,7,1,6,0,4,4,6,4,1,2,3,6,2,2,4,8,4,2,5,7",2026-09-18 18:18:54
20/09/2021 to 26/09/2021,"1,7,9,7,9,5,5,9,1,2,3,6,3,2,2,9,1,6,6,3,8,3,7,8,4,8,8,0,2,2,3,7,2,6,7,5,7,8,9,0,3,5,7,5,0,5,7,8,2,9,0,1,4,5,9,0",2026-09-18 18:18:54
27/09/2021 to 03/10/2021,"1,3,8,2,0,1,9,0,5,7,7,9,1,5,7,9,2,3,5,0,8,1,2,5,3,8,0,1,2,5,8,9,2,5,0,7,0,1,3,6,1,4,9,4,0,3,8,9,1,6,9,6,8,4,5,9",2026-09-18 18:18:54
04/10/2021 to 10/10/2021,"2,3,8,3,7,1,2,4,5,6,0,1,1,1,3,7,3,6,9,8,3,2,5,6,2,6,0,8,9,5,6,8,7,8,0,5,6,2,5,9,2,8,0,0,4,3,5,6,1,4,7,2,5,8,8,9",2026-09-18 18:18:54
11/10/2021 to 17/10/2021,"4,5,0,9,0,4,7,9,4,6,6,6,3,5,8,0,1,3,3,7,7,5,6,6,2,3,6,1,4,2,3,9,1,4,5,0,1,1,4,6,2,2,7,1,8,1,3,4,2,4,7,3,0,1,2,7",2026-09-18 18:18:54
18/10/2021 to 24/10/2021,"6,6,7,9,1,5,8,8,6,6,0,2,4,5,9,0,3,5,0,8,8,2,7,9,1,5,9,5,7,1,7,9,1,2,0,3,6,3,4,9,5,5,6,6,2,1,1,0,3,4,0,7,6,2,6,8",2026-09-18 18:18:54
25/10/2021 to 31/10/2021,"4,8,9,1,5,1,2,2,1,5,6,2,3,4,9,0,4,7,8,9,8,5,6,7,3,3,4,0,9,1,3,5,4,0,0,4,2,5,8,9,4,4,0,8,0,1,9,0,4,6,7,7,8,1,2,5",2026-09-18 18:18:54
01/11/2021 to 07/11/2021,"1,7,8,6,9,2,3,4,1,5,7,3,9,3,6,0,6,9,0,5,8,3,7,8,6,0,0,6,7,1,2,4,2,6,9,7,7,1,6,0,1,1,4,6,0,4,7,9,8,8,0,6,1,1,4,6",2026-09-18 18:18:54
08/11/2021 to 14/11/2021,"1,8,9,8,8,1,2,5,3,8,9,0,6,3,6,7,4,8,8,0,6,4,6,6,3,7,0,0,9,4,6,9,1,2,9,2,4,1,6,7,3,0,0,3,5,1,6,8,1,4,9,4,8,5,5,8",2026-09-18 18:18:54
15/11/2021 to 21/11/2021,"3,3,5,1,0,5,6,9,3,6,8,7,6,2,5,9,2,4,8,4,3,2,5,6,2,6,8,6,2,3,4,5,5,5,0,0,1,6,7,8,5,6,7,8,2,1,4,7,2,2,0,4,3,1,6,6",2026-09-18 18:18:54
22/11/2021 to 28/11/2021,"3,4,8,5,2,2,3,7,3,7,9,9,1,1,2,8,2,7,0,9,4,2,3,9,2,4,6,2,0,6,7,7,5,6,0,1,7,1,7,9,5,7,8,0,1,1,4,6,2,4,0,6,0,1,3,6",2026-09-18 18:18:54
29/11/2021 to 05/12/2021,"2,8,8,8,9,2,2,5,3,4,7,4,4,3,5,6,1,3,5,9,9,5,6,8,5,5,6,6,5,5,0,0,2,8,9,9,1,5,7,9,1,5,5,1,1,2,4,5,4,8,0,2,9,4,5,0",2026-09-18 18:18:54
06/12/2021 to 12/12/2021,"2,2,9,3,0,2,9,9,6,6,8,0,9,1,4,4,1,2,7,0,7,3,7,7,2,6,6,4,4,4,0,0,1,6,0,7,3,3,5,5,2,6,7,5,8,1,7,0,1,1,2,4,4,6,9,9",2026-09-18 18:18:54
13/12/2021 to 19/12/2021,"9,9,0,8,8,2,2,4,4,9,0,3,9,4,7,8,3,4,5,2,3,1,2,0,3,4,9,6,5,1,4,0,1,9,0,0,6,1,7,8,1,3,7,1,1,4,7,0,1,2,8,1,1,3,3,5",2026-09-18 18:18:54
20/12/2021 to 26/12/2021,"1,9,9,9,2,2,5,5,3,6,6,5,5,1,5,9,6,8,0,4,0,2,4,4,1,5,6,2,5,4,5,6,1,4,8,3,3,6,8,9,2,2,7,1,8,8,0,0,1,3,0,4,8,4,5,9",2026-09-18 18:18:54
27/12/2021 to 02/01/2022,"3,6,7,6,2,1,1,0,4,6,9,9,2,6,7,9,1,1,9,1,4,1,4,9,3,9,9,1,3,7,7,9,9,0,0,9,8,4,7,7,3,4,8,5,4,2,4,8,6,9,0,5,7,2,7,8",2026-09-18 18:18:54
03/01/2022 to 09/01/2022,"2,3,3,8,7,3,6,8,2,9,0,1,9,5,7,7,1,6,8,5,0,1,3,6,5,7,8,0,2,2,4,6,1,1,5,7,8,2,6,0,1,6,7,4,4,7,8,9,2,3,7,2,3,1,3,9",2026-09-18 18:18:54
10/01/2022 to 16/01/2022,"2,3,0,5,9,3,7,9,2,4,7,3,1,3,8,0,3,4,4,1,5,2,5,8,2,3,5,0,9,5,6,8,4,7,9,0,2,5,7,0,7,7,8,2,4,4,5,5,3,5,0,8,1,2,3,6",2026-09-18 18:18:54
17/01/2022 to 23/01/2022,"1,1,7,9,3,6,7,0,3,5,9,7,9,3,6,0,7,9,9,5,2,5,8,9,1,2,3,6,0,2,8,0,1,0,0,1,0,3,8,9,2,3,9,4,1,1,5,5,5,6,7,8,7,1,7,9",2026-09-18 18:18:54
24/01/2022 to 30/01/2022,"5,5,0,0,3,2,5,6,1,1,2,4,2,3,4,5,3,3,9,5,2,1,4,7,1,2,6,9,8,3,7,8,4,8,9,1,7,5,6,6,1,2,0,3,4,3,4,7",2026-09-18 18:18:54
31/01/2022 to 06/02/2022,"1,3,0,4,8,2,7,9,1,6,9,6,1,1,3,7,6,8,9,3,9,2,3,4,5,7,9,1,4,1,5,8,3,7,0,0,8,8,0,0,8,8,9,5,8,3,6,9,1,5,6,2,5,2,6,7",2026-09-18 18:18:54
07/02/2022 to 13/02/2022,"1,7,0,8,1,1,2,8,2,5,9,6,9,2,8,9,2,6,6,4,0,1,2,7,2,2,6,0,4,4,4,6,2,3,8,3,5,1,5,9,2,7,0,9,1,5,8,8,1,2,6,9,3,1,4,8",2026-09-18 18:18:54
14/02/2022 to 20/02/2022,"5,5,8,8,3,4,4,5,4,4,7,5,9,1,8,0,1,4,4,9,6,2,6,8,4,7,0,1,0,2,3,5,4,6,7,7,8,2,2,4,3,6,7,6,5,4,5,6,3,4,6,3,0,1,3,6",2026-09-18 18:18:54
21/02/2022 to 27/02/2022,"3,4,9,6,7,3,6,8,1,9,0,0,9,2,2,5,1,7,9,7,8,1,2,5,6,7,9,2,8,4,5,9,2,3,0,5,1,1,4,6,4,9,0,3,4,1,4,9,5,8,0,3,5,1,4,0",2026-09-18 18:18:54
28/02/2022 to 06/03/2022,"6,7,7,0,8,8,0,0,5,7,8,0,6,3,5,8,2,3,7,2,9,1,8,0,2,4,0,6,4,3,3,8,1,9,9,9,7,4,5,8,1,2,3,6,2,4,8,0,1,2,4,7,5,3,5,7",2026-09-18 18:18:54
07/03/2022 to 13/03/2022,"5,6,0,1,1,2,9,0,2,5,7,4,5,2,5,8,5,6,9,0,3,1,5,7,4,7,9,0,7,2,7,8,2,4,7,3,6,1,7,8,6,7,0,3,3,1,3,9,2,3,4,9,7,8,9,0",2026-09-18 18:18:54
14/03/2022 to 20/03/2022,"3,7,8,8,5,6,9,0,2,3,7,2,2,1,3,8,4,4,0,8,0,4,6,0,4,8,9,1,4,4,0,0,4,5,7,6,6,7,9,0,1,2,6,9,3,3,5,5",2026-09-18 18:18:54
21/03/2022 to 27/03/2022,"3,5,9,7,7,2,6,9,2,6,7,5,5,7,8,0,5,5,6,6,2,1,5,6,1,4,5,0,8,1,7,0,3,6,0,9,1,2,4,5,7,8,9,4,2,5,7,0,6,7,9,2,8,5,6,7",2026-09-18 18:18:54
28/03/2022 to 03/04/2022,"2,3,3,8,0,3,8,9,2,3,6,1,3,2,5,6,7,0,0,7,8,4,5,9,8,8,9,5,9,3,8,8,1,1,4,6,4,2,3,9,5,7,9,1,7,4,6,7,1,7,8,6,6,3,4,9",2026-09-18 18:18:54
04/04/2022 to 10/04/2022,"1,4,8,3,7,1,1,5,4,8,8,0,0,5,6,9,3,6,8,7,6,2,6,8,1,4,4,9,1,1,3,7,4,6,6,6,9,1,3,5,3,3,9,5,0,1,4,5,1,4,9,4,8,1,3,4",2026-09-18 18:18:54
11/04/2022 to 17/04/2022,"1,6,0,7,7,3,7,7,3,8,0,1,0,1,3,6,1,2,5,8,1,1,4,6,2,8,9,9,3,5,8,0,4,4,8,6,4,1,6,7,2,5,9,6,2,1,3,8,3,4,7,4,6,3,5,8",2026-09-18 18:18:54
18/04/2022 to 24/04/2022,"1,8,8,7,0,6,6,8,5,6,8,9,0,3,7,0,1,2,8,1,1,4,8,9,2,4,6,2,8,3,6,9,3,4,6,3,4,7,8,9,1,4,0,5,6,3,6,7,3,4,0,7,5,2,4,9",2026-09-18 18:18:54
25/04/2022 to 01/05/2022,"2,6,6,4,1,6,7,8,4,7,9,0,8,4,6,8,2,4,0,6,9,1,9,9,8,0,0,8,7,4,4,9,2,7,8,7,6,1,2,3,1,0,0,1,4,4,0,0,3,4,9,6,5,1,6,8",2026-09-18 18:18:54
02/05/2022 to 08/05/2022,"2,3,4,9,7,5,6,6,5,7,0,2,8,9,9,0,1,5,5,1,2,6,8,8,5,0,0,5,4,2,5,7,4,6,0,0,9,2,7,0,2,5,0,7,4,2,4,8,5,6,7,8,5,3,4,8",2026-09-18 18:18:54
09/05/2022 to 15/05/2022,"5,9,0,4,2,4,8,0,3,0,0,3,3,6,7,0,1,5,6,2,5,4,4,7,1,2,4,7,7,2,6,9,1,2,7,0,2,3,4,5,2,3,5,0,0,3,7,0,4,9,0,3,3,2,5,6",2026-09-18 18:18:54
16/05/2022 to 22/05/2022,"6,0,0,6,8,2,2,4,3,5,0,8,4,2,2,0,5,5,9,9,9,1,2,6,1,2,2,5,1,6,6,9,2,9,9,0,2,3,3,6,3,9,9,1,3,6,8,9,3,5,9,7,2,1,4,7",2026-09-18 18:18:54
23/05/2022 to 29/05/2022,"1,7,7,5,8,1,7,0,3,5,7,5,6,4,5,7,6,6,0,2,0,3,8,9,3,6,8,7,9,1,1,7,1,3,4,8,7,3,4,0,1,3,6,0,4,3,3,8,3,7,9,9,2,6,7,9",2026-09-18 18:18:54
30/05/2022 to 05/06/2022,"1,6,7,4,5,1,4,0,4,7,9,0,0,4,6,0,7,8,0,5,7,2,7,8,3,3,7,3,1,2,4,5,5,8,9,2,9,2,8,9,5,6,0,1,8,2,7,9,1,6,7,4,9,4,6,9",2026-09-18 18:18:54
06/06/2022 to 12/06/2022,"4,5,5,4,4,2,6,6,2,6,7,5,0,2,8,0,2,3,7,2,6,2,4,0,4,4,9,7,3,6,7,0,3,4,9,6,8,4,5,9,1,9,9,9,5,6,9,0,5,7,9,1,0,3,7,0",2026-09-18 18:18:54
13/06/2022 to 19/06/2022,"1,3,0,4,7,2,2,3,1,4,5,0,0,1,3,6,1,5,6,2,5,3,3,9,1,3,8,2,0,5,7,8,1,0,0,1,1,2,2,7,1,2,3,6,3,1,4,8,4,5,6,5,8,5,6,7",2026-09-18 18:18:54
20/06/2022 to 26/06/2022,"2,5,6,3,3,3,5,5,6,9,9,4,5,7,9,9,3,8,9,0,7,1,6,0,2,3,7,2,0,5,6,9,1,4,7,2,5,1,4,0,2,3,6,1,0,1,9,0,7,0,0,7,6,6,0,0",2026-09-18 18:18:54
27/06/2022 to 03/07/2022,"1,4,9,4,7,3,5,9,5,5,8,8,5,2,4,9,4,4,8,6,9,2,3,4,3,9,9,1,8,9,9,0,4,7,8,9,7,4,5,8,2,5,9,6,1,4,7,0,3,4,8,5,6,1,7,8",2026-09-18 18:18:54
04/07/2022 to 10/07/2022,"2,3,0,5,7,2,7,8,2,9,9,0,9,6,6,7,3,3,7,3,3,6,8,9,1,7,9,7,7,5,6,6,3,5,0,8,3,1,2,0,5,9,0,4,2,3,4,5,3,8,0,1,0,6,7,7",2026-09-18 18:18:54
11/07/2022 to 17/07/2022,"1,1,7,9,7,5,5,7,4,9,9,2,5,1,5,9,1,3,8,2,1,5,8,8,2,5,8,5,5,2,3,0,1,8,9,8,4,1,1,2,1,3,8,2,2,3,9,0,4,5,9,8,3,1,5,7",2026-09-18 18:18:54
18/07/2022 to 24/07/2022,"1,3,4,8,3,1,3,9,2,7,0,9,0,2,3,5,1,1,4,6,9,1,8,0,5,6,9,0,6,2,6,8,1,5,6,2,3,2,4,7,5,6,0,1,9,1,9,9,3,3,9,5,2,1,1,0",2026-09-18 18:18:54
25/07/2022 to 31/07/2022,"2,3,8,3,1,1,0,0,3,7,9,9,9,4,6,9,6,8,0,4,2,6,7,9,3,6,8,7,8,4,5,9,1,3,8,2,0,1,3,6,6,7,9,2,0,1,4,5,3,5,6,4,4,2,4,8",2026-09-18 18:18:54
01/08/2022 to 07/08/2022,"2,7,8,7,3,5,8,0,1,4,6,1,3,1,2,0,1,5,0,6,6,1,7,8,3,8,8,9,6,3,3,0,3,5,9,7,1,1,3,7,1,4,8,3,0,5,5,0,4,6,0,0,0,2,3,5",2026-09-18 18:18:54
08/08/2022 to 14/08/2022,"1,6,0,7,5,2,4,9,5,9,9,3,3,1,3,9,1,2,9,2,3,3,4,6,4,4,7,5,6,3,6,7,1,2,8,1,2,3,4,5,1,2,5,8,4,7,8,9,3,7,0,0,2,5,8,9",2026-09-18 18:18:54
15/08/2022 to 21/08/2022,"1,5,7,3,3,6,8,9,2,0,0,2,9,1,4,4,6,9,9,4,4,1,5,8,2,3,4,9,6,2,6,8,3,4,0,7,3,3,4,6,5,5,5,5,4,7,7,0",2026-09-18 18:18:54
22/08/2022 to 28/08/2022,"1,8,8,7,6,7,9,0,2,2,7,1,1,1,4,6,5,7,9,1,1,2,3,6,2,6,0,8,2,5,7,0,2,8,0,0,0,6,6,8,1,6,9,6,6,3,4,9,3,9,0,2,9,2,2,5",2026-09-18 18:18:54
29/08/2022 to 04/09/2022,"5,0,0,5,1,6,7,8,5,6,9,0,4,6,8,0,1,5,7,3,0,1,1,8,3,5,5,3,9,1,2,6,5,6,8,9,1,1,0,0,2,3,4,9,4,7,8,9,2,4,5,1,7,2,6,9",2026-09-18 18:18:54
05/09/2022 to 11/09/2022,"3,6,9,8,4,1,4,9,4,5,0,9,4,2,3,9,1,4,8,3,9,2,7,0,3,8,0,1,7,2,5,0,1,4,6,1,7,1,6,0,3,3,8,4,7,3,6,8,2,5,5,2,9,5,6,8",2026-09-18 18:18:54
12/09/2022 to 18/09/2022,"1,2,7,0,1,1,3,7,3,7,0,0,1,5,6,0,3,6,8,7,1,6,6,9,8,9,9,6,1,5,7,9,2,9,9,0,2,2,2,8,3,3,7,3,6,8,8,0,2,8,9,9,2,6,6,0",2026-09-18 18:18:54
19/09/2022 to 25/09/2022,"1,3,6,0,7,3,7,7,1,6,6,3,6,3,6,7,2,2,3,7,4,5,9,0,5,5,9,9,4,4,4,6,7,0,0,7,9,1,3,5,4,4,0,8,8,2,7,9,2,4,7,3,9,1,8,0",2026-09-18 18:18:54
26/09/2022 to 02/10/2022,"3,3,5,1,7,3,7,7,1,2,0,3,8,4,7,7,5,5,8,8,8,1,3,4,4,4,9,7,0,3,8,9,5,9,0,4,9,5,6,8,2,2,5,9,1,1,0,0,1,5,0,6,1,5,6,0",2026-09-18 18:18:54
03/10/2022 to 09/10/2022,"1,1,7,9,4,1,6,7,2,3,4,9,6,2,5,9,3,5,5,3,5,2,6,7,9,9,0,8,5,7,8,0,4,5,8,7,7,1,2,4,3,5,0,8,7,3,6,8,4,4,6,4,0,3,8,9",2026-09-18 18:18:54
10/10/2022 to 16/10/2022,"2,2,6,0,3,2,3,8,2,4,5,1,1,1,3,7,5,6,0,1,3,5,8,0,2,8,9,9,0,1,2,7,2,8,8,8,0,1,2,7,6,9,9,4,5,4,5,6,1,1,3,5,2,2,2,8",2026-09-18 18:18:54
17/10/2022 to 23/10/2022,"7,8,8,3,7,3,5,9,1,7,8,6,9,3,8,8,1,3,5,9,2,3,9,0,9,9,0,8,7,7,0,0,2,4,4,0,6,5,5,6,1,9,0,0,2,1,4,7,4,8,9,1,3,1,3,9",2026-09-18 18:18:54
24/10/2022 to 30/10/2022,"2,4,0,6,4,2,5,7,2,2,8,2,5,1,2,2,2,4,8,4,5,2,3,0,3,6,8,7,1,2,3,6,4,6,0,0,0,5,6,9,2,9,0,1,4,5,9,0,1,2,8,1,8,4,6,8",2026-09-18 18:18:54
31/10/2022 to 06/11/2022,"7,8,0,5,9,4,7,8,2,5,6,3,0,3,8,9,6,8,0,4,6,1,1,4,5,5,7,7,1,3,4,4,2,3,7,2,0,1,4,5,6,6,9,1,3,1,4,8,3,5,8,6,8,4,5,9",2026-09-18 18:18:54
07/11/2022 to 13/11/2022,"5,7,8,0,8,1,2,5,8,9,9,6,0,1,3,6,5,6,0,1,6,3,6,7,2,7,0,9,4,1,3,0,1,8,0,9,2,2,0,0,2,7,9,8,8,3,6,9,3,4,0,7,2,1,5,6",2026-09-18 18:18:54
14/11/2022 to 20/11/2022,"1,6,6,3,3,1,5,7,5,7,9,1,9,9,0,0,6,8,9,3,3,1,2,0,3,7,0,0,6,1,2,3,2,2,0,4,7,4,4,9,4,5,8,7,6,1,7,8,1,2,7,0,6,4,6,6",2026-09-18 18:18:54
21/11/2022 to 27/11/2022,"2,3,3,8,8,1,8,9,4,6,0,0,1,2,3,6,3,3,6,2,9,3,7,9,3,3,4,0,0,4,7,9,1,2,4,7,7,3,5,9,3,8,8,9,3,2,2,9,1,6,8,5,8,1,8,9",2026-09-18 18:18:54
28/11/2022 to 04/12/2022,"2,4,8,4,8,8,0,0,4,4,6,4,4,3,4,7,1,6,9,6,0,6,7,7,3,5,0,8,9,1,1,7,3,4,6,3,3,3,3,7,6,7,8,1,3,6,7,0,6,6,8,0,4,2,3,9",2026-09-18 18:18:54
05/12/2022 to 11/12/2022,"1,3,5,9,3,2,4,7,5,5,0,0,6,7,9,0,9,9,0,8,1,5,8,8,5,6,7,8,8,1,3,4,7,0,0,7,8,3,7,8,2,2,6,0,5,7,9,9,1,6,7,4,8,2,8,8",2026-09-18 18:18:54
12/12/2022 to 18/12/2022,"1,5,9,5,9,1,1,7,5,6,9,0,4,6,9,9,1,6,7,4,4,1,3,0,1,2,7,0,0,5,7,8,4,4,0,8,5,3,5,7,2,5,7,4,9,2,8,9,2,6,0,8,2,4,8,0",2026-09-18 18:18:54
19/12/2022 to 25/12/2022,"2,4,9,5,3,1,2,0,2,4,7,3,3,2,5,6,1,2,8,1,4,3,5,6,5,7,7,9,1,1,5,5,2,2,0,4,6,1,2,3,1,4,7,2,8,2,2,4,2,4,5,1,9,2,8,9",2026-09-18 18:18:54
26/12/2022 to 01/01/2023,"1,3,6,0,6,4,5,7,2,4,8,4,5,1,7,7,1,5,0,6,6,6,0,0,2,6,8,6,0,3,8,9,5,6,6,7,9,6,6,7,3,0,0,3,5,6,9,0,2,7,0,9,7,4,4,9",2026-09-18 18:18:54
02/01/2023 to 08/01/2023,"4,7,9,0,0,2,9,9,1,6,0,7,4,3,3,8,5,0,0,5,8,1,7,0,4,7,8,9,2,1,2,9,3,5,8,6,1,5,6,0,6,8,9,3,5,2,6,7,3,4,5,2,2,4,4,4",2026-09-18 18:18:54
09/01/2023 to 15/01/2023,"2,7,9,8,2,6,7,9,3,9,9,1,0,3,7,0,4,6,6,6,6,3,4,9,1,7,8,6,6,7,9,0,6,8,0,4,3,6,8,9,1,4,7,2,2,3,4,5,6,9,9,4,2,3,9,0",2026-09-18 18:18:54
16/01/2023 to 22/01/2023,"1,2,4,7,0,2,3,5,3,3,9,5,5,2,5,8,4,9,0,3,7,4,5,8,1,4,5,0,2,2,0,0,8,0,0,8,6,1,2,3,1,6,9,6,8,9,9,0,2,4,6,2,6,2,5,9",2026-09-18 18:18:54
23/01/2023 to 29/01/2023,"2,3,6,1,5,2,3,0,2,6,6,4,0,1,3,6,3,4,7,4,9,5,6,8,4,6,8,8,2,4,8,0,1,3,8,2,2,5,7,0,3,5,9,7,5,1,2,2",2026-09-18 18:18:54
30/01/2023 to 05/02/2023,"5,5,6,6,3,2,5,6,2,3,4,9,9,3,7,9,4,5,5,4,2,5,8,9,6,7,0,3,5,1,5,9,7,8,0,5,3,3,4,6,6,7,7,0,6,8,9,9,3,4,0,7,9,4,6,9",2026-09-18 18:18:54
06/02/2023 to 12/02/2023,"3,6,7,6,5,1,6,8,1,1,9,1,1,1,0,0,2,2,3,7,9,3,6,0,4,8,0,2,7,8,9,0,4,6,0,0,8,4,5,9,5,6,9,0,6,1,6,9,5,6,7,8,1,2,3,6",2026-09-18 18:18:54
13/02/2023 to 19/02/2023,"1,9,9,9,9,4,6,9,1,7,8,6,3,1,3,9,7,7,0,4,3,2,4,7,2,6,9,7,5,2,3,0,2,4,6,2,1,2,9,0,2,2,6,0,8,1,1,6,6,8,9,3,0,3,8,9",2026-09-18 18:18:54
20/02/2023 to 26/02/2023,"2,6,7,5,7,5,5,7,2,2,7,1,0,1,3,6,4,4,6,4,4,2,2,0,3,4,7,4,8,2,6,0,4,4,8,6,1,4,7,0,5,7,8,0,5,3,6,6,1,8,9,8,4,3,5,6",2026-09-18 18:18:54
27/02/2023 to 05/03/2023,"3,6,8,7,0,1,9,0,6,6,7,9,1,3,9,9,5,7,0,2,5,1,6,8,2,4,7,3,7,2,5,0,1,1,4,6,3,6,8,9,4,6,0,0,1,4,8,9,1,3,7,1,1,6,6,9",2026-09-18 18:18:54
06/03/2023 to 12/03/2023,"5,9,0,4,4,3,5,6,4,5,6,5,2,2,3,7,2,8,9,9,6,1,1,4,2,2,8,2,2,5,8,9,1,2,8,1,8,2,7,9",2026-09-18 18:18:54
13/03/2023 to 19/03/2023,"3,5,5,3,1,2,4,5,4,5,8,7,4,1,4,9,4,4,0,8,9,3,8,8,4,7,9,0,9,4,7,8,1,7,0,8,6,7,9,0,4,8,0,2,9,1,4,4,3,4,9,6,9,3,6,0",2026-09-18 18:18:54
20/03/2023 to 26/03/2023,"6,6,8,0,3,1,5,7,6,7,8,1,8,2,2,4,3,3,9,5,7,7,0,0,2,4,6,2,5,1,4,0,4,7,9,0,1,1,5,5,7,8,8,3,4,1,6,7,1,2,6,9,9,5,7,7",2026-09-18 18:18:54
27/03/2023 to 02/04/2023,"1,1,2,4,4,2,4,8,2,2,3,7,5,1,5,9,3,5,7,5,7,2,7,8,3,9,0,2,1,3,4,4,1,2,7,0,5,5,0,0,9,9,0,8,6,2,6,8,2,5,6,3,8,1,8,9",2026-09-18 18:18:54
03/04/2023 to 09/04/2023,"3,6,7,6,6,6,0,0,1,8,0,9,7,2,6,9,1,6,8,5,0,5,6,9,1,3,7,1,5,7,8,0,1,7,0,8,8,2,6,0,2,8,9,9,5,2,5,8,6,7,0,3,8,2,8,8",2026-09-18 18:18:54
10/04/2023 to 16/04/2023,"6,7,9,2,7,1,2,4,1,3,6,0,6,1,1,4,1,7,9,7,7,4,6,7,3,5,6,4,2,5,8,9,3,7,9,9,1,3,4,4,4,7,0,1,1,5,7,9,4,8,8,0,9,4,5,0",2026-09-18 18:18:54
17/04/2023 to 23/04/2023,"4,5,7,6,4,1,5,8,4,5,9,8,3,4,9,0,8,8,9,5,9,1,9,9,1,1,9,1,9,1,4,4,4,5,8,7,3,1,5,7,2,9,9,0,6,3,6,7,2,3,9,4,5,2,6,7",2026-09-18 18:18:54
24/04/2023 to 30/04/2023,"3,3,7,3,3,2,4,7,3,6,8,7,5,1,6,8,3,8,0,1,1,3,4,4,4,8,0,2,2,2,2,8,6,6,9,1,1,5,8,8,6,7,7,0,4,2,2,0,1,2,3,6,4,2,5,7",2026-09-18 18:18:54
01/05/2023 to 07/05/2023,"3,4,0,7,3,2,2,9,1,3,4,8,8,2,2,4,5,7,0,2,0,5,5,0,1,3,8,2,9,1,1,7,6,8,9,3,5,2,3,0,4,6,9,9,1,4,8,9,5,9,0,4,4,2,4,8",2026-09-18 18:18:54
08/05/2023 to 14/05/2023,"8,9,0,7,7,4,5,8,2,7,8,7,7,4,6,7,3,8,0,1,5,1,1,3,4,5,7,6,0,3,7,0,4,9,0,3,2,3,4,5,3,4,7,4,3,7,7,9,3,3,0,6,8,4,5,9",2026-09-18 18:18:54
15/05/2023 to 21/05/2023,"1,6,7,4,4,2,5,7,3,5,7,5,5,6,9,0,5,9,0,4,2,6,7,9,1,9,0,0,2,4,8,0,1,7,8,6,3,4,4,5,6,7,8,1,0,3,8,9,3,6,8,7,2,1,3,8",2026-09-18 18:18:54
22/05/2023 to 28/05/2023,"1,5,0,6,8,2,6,0,3,4,9,6,7,4,6,7,1,3,7,1,1,5,7,9,2,8,8,8,7,2,5,0,5,6,9,0,3,1,2,0,6,6,7,9,5,1,7,7,2,2,6,0,8,1,7,0",2026-09-18 18:18:54
29/05/2023 to 04/06/2023,"5,7,0,2,7,4,6,7,7,7,0,4,4,3,5,6,2,6,7,5,9,4,6,9,1,5,6,2,8,3,6,9,3,3,7,3,3,1,3,9,4,6,7,7,1,4,8,9,3,5,9,7,0,2,9,9",2026-09-18 18:18:54
05/06/2023 to 11/06/2023,"6,6,8,0,0,2,8,0,4,5,0,9,6,4,6,6,1,2,3,6,8,2,7,9,5,5,9,9,4,3,4,7,6,6,0,2,4,3,3,8,3,4,0,7,7,1,6,0,2,3,8,3,0,1,3,6",2026-09-18 18:18:54
12/06/2023 to 18/06/2023,"1,1,6,8,2,6,8,8,3,6,7,6,2,3,4,5,2,3,5,0,0,5,7,8,1,4,9,4,3,1,5,7,2,7,0,9,9,1,3,5,4,5,8,7,8,4,7,7,1,2,7,0,1,2,3,6",2026-09-18 18:18:54
19/06/2023 to 25/06/2023,"4,5,6,5,3,3,4,6,1,5,9,5,3,1,4,8,3,6,8,7,7,2,7,8,2,4,5,1,1,3,4,4,3,8,9,0,2,1,2,9,1,3,0,4,7,8,9,0,2,5,9,6,6,3,5,8",2026-09-18 18:18:54
26/06/2023 to 02/07/2023,"4,5,9,8,9,3,7,9,5,9,0,4,9,1,2,6,2,9,9,0,1,4,8,9,2,3,0,5,1,5,6,0,3,3,4,0,2,2,4,6,6,7,9,2,9,5,6,8,3,4,9,6,0,2,4,4",2026-09-18 18:18:54
03/07/2023 to 09/07/2023,"2,5,8,5,9,5,5,9,2,3,7,2,7,5,6,6,1,4,0,5,6,1,1,4,6,6,0,2,4,2,6,6,1,9,0,0,7,1,6,0,5,8,0,3,7,2,6,9,3,5,0,8,2,1,3,8",2026-09-18 18:18:54
10/07/2023 to 16/07/2023,"6,7,8,1,6,2,4,0,1,4,6,1,2,1,3,8,3,4,7,4,9,2,7,0,4,5,5,4,8,5,5,8,6,0,0,6,7,1,1,5,1,2,5,8,8,4,6,8,3,4,0,7,6,3,6,7",2026-09-18 18:18:54
17/07/2023 to 23/07/2023,"5,7,8,0,4,1,5,8,3,0,0,3,9,1,2,6,3,5,7,5,7,3,4,0,1,4,9,4,2,6,7,9,3,8,8,9,5,1,6,8,1,3,4,8,4,2,4,8,2,6,8,6,6,1,6,9",2026-09-18 18:18:54
24/07/2023 to 30/07/2023,"5,6,0,1,2,2,0,0,4,6,0,0,1,2,4,5,3,8,9,0,1,2,3,6,2,5,9,6,9,2,2,5,1,2,5,8,8,1,8,9,1,6,8,5,5,1,1,3,3,4,0,7,0,2,2,6",2026-09-18 18:18:54
31/07/2023 to 06/08/2023,"2,4,0,6,0,3,8,9,4,4,6,4,6,6,0,0,1,2,8,1,0,3,7,0,5,9,9,3,3,1,4,8,5,6,9,0,2,3,9,0,3,3,0,6,9,1,8,0,8,9,0,7,2,5,8,9",2026-09-18 18:18:54
07/08/2023 to 13/08/2023,"3,6,9,8,3,2,2,9,1,4,5,0,7,3,4,0,2,5,7,4,4,3,3,8,3,4,8,5,6,3,3,0,5,7,0,2,1,4,8,9,2,3,9,4,2,1,5,6,6,6,7,9,7,2,6,9",2026-09-18 18:18:54
14/08/2023 to 20/08/2023,"1,3,9,3,0,3,8,9,1,5,7,3,3,2,5,6,1,9,0,0,4,4,0,0,3,5,9,7,2,1,5,6,3,3,8,4,8,4,6,8,1,9,0,0,0,4,6,0",2026-09-18 18:18:54
21/08/2023 to 27/08/2023,"1,6,9,6,7,1,3,3,2,7,9,8,1,1,4,6,2,2,5,9,5,2,6,7,2,3,8,3,2,2,4,6,5,7,0,2,3,4,9,0,2,6,6,4,0,1,2,7,1,3,6,0,3,3,5,5",2026-09-18 18:18:54
28/08/2023 to 03/09/2023,"2,6,8,6,7,1,1,5,6,9,9,4,5,4,5,6,3,6,7,6,1,1,2,8,2,7,8,7,8,1,7,0,4,5,8,7,0,1,4,5,3,5,0,8,4,4,0,0,2,4,5,1,4,1,6,7",2026-09-18 18:18:54
04/09/2023 to 10/09/2023,"2,5,8,5,6,4,5,7,4,7,9,0,1,2,3,6,2,3,4,9,1,2,4,5,1,1,9,1,4,2,3,9,6,7,0,3,4,3,5,6,3,3,6,2,2,1,1,0,2,3,0,5,9,3,6,0",2026-09-18 18:18:54
11/09/2023 to 17/09/2023,"2,4,4,0,8,4,5,9,3,9,0,2,2,6,7,9,5,9,0,4,4,1,1,2,4,5,5,4,4,3,4,7,1,1,6,8,2,6,6,0,2,2,3,7,9,5,5,9,2,5,8,5,7,8,9,0",2026-09-18 18:18:54
18/09/2023 to 24/09/2023,"8,0,0,8,5,1,1,3,1,4,8,3,7,5,6,6,4,6,7,7,4,4,4,6,4,7,8,9,1,2,9,0,1,6,9,6,3,2,3,8,2,5,7,4,3,5,8,0,6,8,9,3,1,5,6,0",2026-09-18 18:18:54
25/09/2023 to 01/10/2023,"1,9,0,0,7,8,9,0,1,7,7,5,1,2,2,7,4,6,9,9,4,2,2,0,1,2,6,9,6,2,6,8,5,6,9,0,5,1,5,9,3,4,5,2,0,2,9,9,6,6,0,2,8,5,6,7",2026-09-18 18:18:54
02/10/2023 to 08/10/2023,"1,5,7,3,8,3,7,8,2,2,3,7,4,1,5,8,4,8,9,1,8,1,1,6,2,4,4,0,4,4,4,6,4,4,9,7,0,3,3,4,1,0,0,1,8,3,7,8,2,2,8,2,4,5,9,0",2026-09-18 18:18:54
09/10/2023 to 15/10/2023,"3,8,8,9,6,4,5,7,6,7,0,3,5,7,9,9,2,2,4,8,1,2,3,6,2,9,9,0,5,4,5,6,5,5,7,7,4,5,9,0,3,3,9,5,2,3,9,0,2,4,8,4,7,3,5,9",2026-09-18 18:18:54
16/10/2023 to 22/10/2023,"3,5,8,6,6,1,5,0,1,2,3,6,1,1,4,6,4,8,9,1,7,2,5,0,2,4,4,0,7,1,7,9,3,7,8,8,5,2,3,0,7,7,0,4,7,1,2,4,2,4,7,3,9,1,3,5",2026-09-18 18:18:54
23/10/2023 to 29/10/2023,"1,9,0,0,3,6,7,0,5,6,9,0,3,4,9,0,2,4,0,6,7,3,6,8,3,4,5,2,9,1,2,6,1,7,9,7,8,4,6,8,2,3,0,5,1,5,6,0,1,3,6,0,7,4,6,7",2026-09-18 18:18:54
30/10/2023 to 05/11/2023,"1,6,7,4,9,2,3,4,6,6,8,0,3,1,2,0,2,8,9,9,1,4,8,9,2,2,5,9,9,6,6,7,6,8,9,3,2,4,9,9,2,6,7,5,0,2,2,6,2,6,8,6,4,1,6,7",2026-09-18 18:18:54
06/11/2023 to 12/11/2023,"5,7,7,9,3,2,3,8,1,4,5,0,6,4,5,7,2,3,0,5,2,1,4,7,3,4,6,3,6,3,3,0,3,8,0,1,2,2,3,7,4,4,7,5,4,3,4,7,2,2,4,8,1,2,3,6",2026-09-18 18:18:54
13/11/2023 to 19/11/2023,"3,8,9,0,0,2,8,0,2,2,4,8,8,4,6,8,5,7,0,2,7,3,5,9,1,6,8,5,7,2,7,8,7,9,0,6,6,1,5,0,3,9,9,1,7,3,4,0,3,6,9,8,0,1,9,0",2026-09-18 18:18:54
20/11/2023 to 26/11/2023,"2,3,6,1,1,3,8,0,5,6,7,8,6,1,7,8,3,3,7,3,1,3,8,0,7,7,9,3,2,1,3,8,3,5,6,4,5,3,3,9,5,6,9,0,6,3,5,8,7,8,8,3,2,2,4,6",2026-09-18 18:18:54
27/11/2023 to 03/12/2023,"2,5,0,7,8,4,7,7,1,6,8,5,5,2,3,0,1,2,4,7,1,3,9,9,2,9,9,0,8,2,3,3,3,3,8,4,2,6,8,8,4,5,9,8,2,1,2,9,2,8,8,8,2,4,9,9",2026-09-18 18:18:54
04/12/2023 to 10/12/2023,"1,7,7,5,5,1,5,9,1,1,8,0,9,1,3,5,1,1,7,9,5,2,4,9,2,6,7,5,1,3,4,4,7,9,0,6,6,3,4,9,6,7,8,1,2,1,3,8,2,6,6,4,3,1,3,9",2026-09-18 18:18:54
11/12/2023 to 17/12/2023,"3,5,6,4,2,5,8,9,2,2,0,4,0,2,3,5,2,5,5,2,8,4,6,8,6,7,9,2,1,3,8,0,5,6,0,1,3,1,3,9,1,4,8,3,7,7,0,0,2,3,9,4,6,3,6,7",2026-09-18 18:18:54
18/12/2023 to 24/12/2023,"2,3,6,1,4,7,8,9,1,2,8,1,8,3,7,8,5,6,7,8,7,1,7,9,2,3,7,2,7,1,6,0,1,4,9,4,9,1,3,5,1,6,8,5,5,1,4,0,2,6,0,8,7,1,6,0",2026-09-18 18:18:54
25/12/2023 to 31/12/2023,"2,3,5,0,8,2,2,4,7,7,9,3,7,2,6,9,8,8,0,6,1,2,4,5,2,3,8,3,8,1,2,5,2,7,0,9,3,3,4,6,6,9,0,5,2,3,4,5,6,8,9,3,5,3,5,7",2026-09-18 18:18:54
01/01/2024 to 07/01/2024,"1,3,7,1,6,1,2,3,1,7,8,6,1,2,3,6,2,8,9,9,3,2,5,6,3,6,9,8,8,3,7,8,2,8,0,0,7,8,9,0,4,6,7,7,3,5,8,0,3,6,0,9,8,5,6,7",2026-09-18 18:18:54
08/01/2024 to 14/01/2024,"1,2,4,7,6,2,6,8,2,7,0,9,9,2,3,4,3,5,6,4,9,1,1,7,1,6,8,5,8,2,2,4,2,3,5,0,3,1,5,7,1,4,5,0,0,2,4,4,5,7,8,0,1,1,5,5",2026-09-18 18:18:54
15/01/2024 to 21/01/2024,"2,5,6,3,4,6,8,0,2,3,6,1,1,4,8,9,1,2,0,3,6,1,6,9,3,4,9,6,9,2,8,9,4,5,0,9,7,1,6,0,1,5,8,4,8,1,2,5,1,2,2,5,3,1,3,9",2026-09-18 18:18:54
22/01/2024 to 28/01/2024,"1,5,0,6,9,1,9,9,1,3,3,7,0,6,6,8,4,5,0,9,6,1,7,8,4,6,9,9,0,3,8,9,1,5,5,1,1,5,7,9,4,6,9,9,7,3,6,8",2026-09-18 18:18:54
29/01/2024 to 04/02/2024,"1,2,4,7,7,8,9,0,1,2,7,0,7,1,6,0,5,8,9,2,8,1,3,4,1,3,9,3,2,4,8,0,5,6,7,8,8,1,8,9,1,4,4,9,1,6,7,8,8,8,0,6,0,1,4,5",2026-09-18 18:18:54
05/02/2024 to 11/02/2024,"4,4,7,5,1,2,9,0,2,6,0,8,9,2,3,4,4,4,6,4,2,2,5,5,2,9,9,0,1,1,1,9,2,4,9,5,2,7,7,8,1,5,8,4,4,7,8,9,1,5,6,2,1,3,4,4",2026-09-18 18:18:54
12/02/2024 to 18/02/2024,"4,4,5,3,3,2,2,9,2,6,6,4,2,3,3,6,4,7,0,1,0,2,3,5,1,1,5,7,3,2,4,7,1,2,6,9,3,2,3,8,2,3,0,5,5,3,4,8,3,8,9,0,0,2,8,0",2026-09-18 18:18:54
19/02/2024 to 25/02/2024,"2,4,4,0,6,1,2,3,4,5,0,9,5,3,5,7,2,5,0,7,5,1,6,8,3,5,0,8,7,1,6,0,1,3,8,2,3,1,6,6,6,7,0,3,9,5,5,9,1,7,9,7,6,2,4,0",2026-09-18 18:18:54
26/02/2024 to 03/03/2024,"1,9,0,0,5,3,5,7,3,5,6,4,1,4,7,0,5,6,8,9,2,1,4,7,6,8,0,4,6,2,4,0,7,8,9,4,1,1,4,6,2,7,8,7,3,7,7,9,4,7,9,0,8,4,4,0",2026-09-18 18:18:54
04/03/2024 to 10/03/2024,"1,3,6,0,6,4,5,7,1,6,0,7,2,3,9,0,4,6,0,0,0,2,3,5,3,6,8,7,3,1,5,7,3,0,0,3,9,1,3,5,3,7,9,9,5,3,4,8,1,8,9,8,1,1,4,6",2026-09-18 18:18:54
11/03/2024 to 17/03/2024,"2,2,5,9,9,1,2,6,3,6,8,7,6,1,1,4,4,4,7,5,6,4,6,6,1,5,8,4,1,1,2,8,2,4,8,4,1,5,6,0,6,7,7,0,2,1,2,9,1,6,6,3,5,7,8,0",2026-09-18 18:18:54
18/03/2024 to 24/03/2024,"1,3,8,2,5,1,6,8,6,7,8,1,9,4,6,9,5,7,9,1,3,4,4,5,2,3,3,8,7,3,7,7,1,2,6,9,3,5,8,0,1,5,6,2,1,1,4,6,5,7,0,2,0,4,7,9",2026-09-18 18:18:54
25/03/2024 to 31/03/2024,"7,7,0,4,6,2,6,8,7,9,0,6,5,6,9,0,6,7,8,1,0,4,8,8,6,7,0,3,7,8,9,0,2,2,5,9,8,4,4,0,1,6,8,5,3,1,2,0",2026-09-18 18:18:54
01/04/2024 to 07/04/2024,"3,0,0,3,7,4,4,9,3,4,5,2,9,4,6,9,2,6,8,6,0,1,4,5,4,5,9,8,0,5,7,8,3,4,0,7,4,2,5,7,6,8,9,3,3,2,5,6,4,5,5,4,6,2,4,0",2026-09-18 18:18:54
08/04/2024 to 14/04/2024,"4,5,6,5,1,1,2,8,3,7,0,0,7,2,6,9,2,2,0,4,7,5,6,6,2,6,8,6,8,1,3,4,1,7,8,6,8,3,6,9,2,7,8,7,5,5,0,0,2,3,7,2,4,1,3,0",2026-09-18 18:18:54
15/04/2024 to 21/04/2024,"4,5,0,9,9,2,7,0,1,6,7,4,4,2,6,6,1,6,0,7,4,1,5,8,7,9,9,5,5,2,6,7,5,6,7,8,7,1,2,4,4,7,0,1,1,6,6,9,2,7,8,7,9,4,6,9",2026-09-18 18:18:54
22/04/2024 to 28/04/2024,"1,2,3,6,6,5,5,6,1,2,7,0,5,1,7,7,5,6,7,8,1,1,2,8,6,8,0,4,6,1,2,3,1,3,8,2,6,1,7,8,4,4,6,4,5,7,8,0,3,5,6,4,9,1,8,0",2026-09-18 18:18:54
29/04/2024 to 05/05/2024,"3,5,8,6,6,6,0,0,1,2,4,7,8,3,6,9,3,3,7,3,8,2,7,9,4,6,0,0,9,1,2,6,1,7,7,5,3,6,8,9,1,2,8,1,1,1,4,6,5,9,0,4,6,2,5,9",2026-09-18 18:18:54
06/05/2024 to 12/05/2024,"4,8,0,2,7,2,6,9,2,2,5,9,0,1,3,6,2,8,0,0,6,5,5,6,3,5,7,5,4,3,3,8,4,4,0,8,3,2,5,6,1,4,9,4,0,1,3,6,2,4,0,6,2,5,7,0",2026-09-18 18:18:54
13/05/2024 to 19/05/2024,"2,5,6,3,9,1,3,5,2,7,8,7,7,1,8,8,1,5,5,1,8,1,7,0,1,1,7,9,5,7,9,9,6,7,8,1,4,7,8,9,1,5,0,6,4,4,5,5,5,5,9,9,4,2,3,9",2026-09-18 18:18:54
20/05/2024 to 26/05/2024,"2,2,8,2,0,5,5,0,6,7,8,1,2,3,3,6,1,2,3,6,5,2,3,0,4,6,7,7,3,5,8,0,1,1,2,4,8,2,6,0,1,4,4,9,7,8,9,0,3,8,9,0,1,1,3,7",2026-09-18 18:18:54
27/05/2024 to 02/06/2024,"1,2,0,3,1,1,2,8,1,7,9,7,5,6,9,0,4,5,9,8,5,3,5,7,3,6,7,6,6,1,2,3,1,5,9,5,8,3,6,9,3,6,0,9,9,6,6,7,1,4,7,2,8,1,8,9",2026-09-18 18:18:54
03/06/2024 to 09/06/2024,"4,4,9,7,9,3,6,0,4,7,0,1,2,5,7,0,3,7,9,9,5,6,9,0,1,2,0,3,3,3,4,6,2,4,8,4,8,1,2,5,7,7,8,2,0,1,9,0,4,0,0,4,7,2,2,3",2026-09-18 18:18:54
10/06/2024 to 16/06/2024,"4,5,6,5,1,6,7,8,1,7,9,7,2,3,4,5,1,4,6,1,1,4,8,9,5,5,8,8,4,1,4,9,3,6,8,7,3,6,7,0,2,5,8,5,7,3,5,9,1,3,5,9,9,1,2,6",2026-09-18 18:18:54
17/06/2024 to 23/06/2024,"2,3,7,2,6,2,4,0,3,5,6,4,3,1,4,8,2,4,9,5,8,2,8,8,3,8,8,9,0,1,3,6,1,3,7,1,2,2,2,8,2,3,6,1,5,1,2,2,3,5,5,3,5,2,6,7",2026-09-18 18:18:54
24/06/2024 to 30/06/2024,"1,2,7,0,7,8,9,0,2,2,5,9,6,1,5,0,4,4,8,6,4,7,7,0,5,8,9,2,1,4,8,9,3,3,7,3,8,5,5,8,4,6,7,7,1,1,4,6,2,3,0,5,0,1,2,7",2026-09-18 18:18:54
01/07/2024 to 07/07/2024,"6,7,8,1,3,2,4,7,3,4,0,7,6,3,5,8,4,5,6,5,0,1,3,6,4,6,7,7,5,3,4,8,6,8,0,4,5,4,5,6,4,8,9,1,9,1,2,6,1,2,4,7,6,1,5,0",2026-09-18 18:18:54
08/07/2024 to 14/07/2024,"3,8,0,1,6,2,6,8,6,8,0,4,9,4,6,9,3,9,9,1,1,2,4,5,2,5,7,4,3,3,4,6,3,4,5,2,1,1,2,8,4,6,8,8,1,5,7,9,3,9,0,2,7,1,7,9",2026-09-18 18:18:54
15/07/2024 to 21/07/2024,"6,6,8,0,5,5,0,0,1,6,8,5,4,4,5,5,4,4,5,3,9,2,7,0,2,6,0,8,1,4,8,9,1,8,8,7,9,2,3,4,2,7,8,7,5,1,5,9,6,9,9,4,1,3,8,0",2026-09-18 18:18:54
22/07/2024 to 28/07/2024,"2,3,8,3,4,2,5,7,2,3,3,8,9,1,8,0,1,3,8,2,0,2,9,9,4,4,8,6,5,1,1,3,1,4,9,4,4,6,8,0,1,5,0,6,3,3,5,5,2,3,6,1,7,4,4,9",2026-09-18 18:18:54
29/07/2024 to 04/08/2024,"2,3,7,2,0,1,1,8,5,6,7,8,6,2,7,7,6,9,0,5,3,1,5,7,1,4,5,0,2,5,7,0,3,5,9,7,1,3,4,4,1,2,3,6,2,1,2,9,2,6,0,8,4,6,8,0",2026-09-18 18:18:54
05/08/2024 to 11/08/2024,"3,3,6,2,2,2,3,7,4,7,8,9,0,3,7,0,1,3,7,1,5,1,6,8,4,6,7,7,5,4,5,6,1,7,8,6,4,1,5,8,3,7,8,8,8,1,8,9,4,5,9,8,4,5,9,0",2026-09-18 18:18:54
12/08/2024 to 18/08/2024,"4,5,8,7,4,3,3,8,6,8,9,3,3,1,5,7,1,4,6,1,7,4,6,7,1,5,0,6,2,4,8,0,1,3,5,9,3,4,4,5,2,9,0,1,7,2,5,0",2026-09-18 18:18:54
19/08/2024 to 25/08/2024,"2,6,7,5,5,1,5,9,1,8,9,8,5,6,9,0,1,9,9,9,0,1,1,8,1,3,9,3,0,5,7,8,1,4,8,3,3,7,8,8,1,5,8,4,1,2,4,5,1,3,5,9,0,2,9,9",2026-09-18 18:18:54
26/08/2024 to 01/09/2024,"1,5,7,3,5,7,8,0,3,7,7,7,2,5,7,0,5,6,0,1,9,1,3,5,3,4,5,2,7,1,7,9,1,1,6,8,6,4,5,7,1,2,7,0,6,1,7,8,2,7,9,8,7,3,7,7",2026-09-18 18:18:54
02/09/2024 to 08/09/2024,"4,4,7,5,9,2,3,4,7,7,0,4,4,3,3,8,1,4,6,1,1,1,0,0,4,5,7,6,9,6,6,7,1,5,7,3,4,3,4,7,5,6,0,1,3,1,3,9,3,4,9,6,3,1,2,0",2026-09-18 18:18:54
09/09/2024 to 15/09/2024,"7,0,0,7,5,1,6,8,1,3,4,8,0,6,6,8,3,4,7,4,4,1,4,9,3,6,8,7,3,2,3,8,1,3,7,1,5,4,5,6,1,3,8,2,5,3,4,8,6,8,9,3,7,3,6,8",2026-09-18 18:18:54
16/09/2024 to 22/09/2024,"1,7,8,6,3,6,7,0,1,2,8,1,8,2,7,9,1,5,9,5,0,1,3,6,3,4,9,6,6,2,4,0,4,7,9,0,1,4,7,0,1,4,8,3,6,2,4,0,3,4,8,5,2,5,8,9",2026-09-18 18:18:54
23/09/2024 to 29/09/2024,"4,4,5,3,2,2,4,6,3,7,9,9,8,1,2,5,3,7,7,7,6,1,6,9,6,6,8,0,1,3,8,0,1,1,7,9,3,1,6,6,2,3,7,2,5,4,4,7,3,5,0,8,0,4,8,8",2026-09-18 18:18:54
30/09/2024 to 06/10/2024,"2,7,8,7,6,5,5,6,1,2,8,1,4,1,4,9,4,5,0,9,8,1,3,4,4,0,0,4,8,4,7,7,5,7,0,2,2,2,4,6,1,3,5,9,1,1,4,6,4,6,8,8,0,5,6,9",2026-09-18 18:18:54
07/10/2024 to 13/10/2024,"3,7,7,7,2,6,6,0,2,3,8,3,4,1,3,0,4,4,6,4,0,2,3,5,2,8,9,9,6,3,6,7,1,7,0,8,4,5,9,0,2,4,0,6,5,1,5,9,1,5,5,1,1,6,6,9",2026-09-18 18:18:54
14/10/2024 to 20/10/2024,"5,7,9,1,7,4,5,8,4,6,9,9,3,1,4,8,3,3,6,2,3,5,9,9,4,6,0,0,5,1,4,0,4,4,6,4,4,2,5,7,3,3,7,3,9,3,6,0,5,0,0,5,6,8,9,9",2026-09-18 18:18:54
21/10/2024 to 27/10/2024,"3,0,0,3,4,1,3,0,2,3,4,9,9,1,8,0,2,2,3,7,1,4,8,9,1,1,4,6,0,2,4,4,4,5,9,8,5,2,6,7,5,7,0,2,0,1,4,5,1,1,7,9,8,1,2,5",2026-09-18 18:18:54
28/10/2024 to 03/11/2024,"2,7,0,9,8,1,3,4,3,3,5,1,5,1,5,9,2,5,7,4,7,1,3,3,2,4,6,2,0,2,8,0,2,2,6,0,5,1,4,0,5,5,7,7,0,1,1,8,1,7,8,6,6,3,6,7",2026-09-18 18:18:54
04/11/2024 to 10/11/2024,"1,2,2,5,9,3,6,0,5,7,8,0,8,3,5,0,6,8,9,3,5,5,0,0,3,9,0,2,7,4,5,8,7,8,9,4,2,7,7,8,1,8,8,7,5,1,1,3,4,7,8,9,4,7,7,0",2026-09-18 18:18:54
11/11/2024 to 17/11/2024,"1,9,0,0,1,4,7,0,3,5,6,4,9,9,0,0,1,5,0,6,0,3,8,9,5,6,8,9,2,1,2,9,1,6,0,7,6,2,7,7,5,6,7,8,2,3,4,5,1,5,6,2,1,1,2,8",2026-09-18 18:18:54
18/11/2024 to 24/11/2024,"2,3,5,0,6,2,6,8,1,2,4,7,8,5,6,7,2,4,7,3,5,3,5,7,1,3,5,9,4,7,8,9,5,7,9,1,2,3,4,5,7,9,0,6,3,1,6,6,4,4,8,6,9,2,7,0",2026-09-18 18:18:54
25/11/2024 to 01/12/2024,"3,4,0,7,3,2,3,8,2,4,5,1,1,3,8,0,6,9,0,5,1,1,0,0,4,4,5,3,9,2,8,9,4,4,9,7,6,3,5,8,1,4,7,2,0,3,7,0,1,4,4,9,0,1,3,6",2026-09-18 18:18:54
02/12/2024 to 08/12/2024,"4,7,9,0,8,3,7,8,7,9,9,5,3,5,8,0,2,2,4,8,7,2,6,9,4,9,9,2,4,3,4,7,4,6,6,6,5,2,3,0,5,8,8,1,4,1,6,7,5,6,9,0,4,3,5,6",2026-09-18 18:18:54
09/12/2024 to 15/12/2024,"6,0,0,6,6,3,4,9,6,7,8,1,1,2,9,0,3,3,8,4,5,2,6,7,5,5,0,0,1,1,3,7,2,5,0,7,0,1,2,7,1,8,0,9,6,4,5,7,4,6,9,9,2,2,3,7",2026-09-18 18:18:54
16/12/2024 to 22/12/2024,"9,9,0,8,1,2,2,7,1,2,6,9,3,1,2,0,1,6,9,6,7,1,1,5,5,9,0,4,9,1,3,5,2,3,9,4,5,3,6,6,8,9,0,7,9,3,6,0,2,6,6,4,0,3,3,4",2026-09-18 18:18:54
23/12/2024 to 29/12/2024,"4,4,0,8,8,1,7,0,1,5,7,3,4,2,5,7,3,6,7,6,0,1,9,0,1,8,9,8,5,3,3,9,1,3,3,7,1,3,8,0,2,5,6,3,0,2,8,0,2,7,0,9,1,4,8,9",2026-09-18 18:18:54
30/12/2024 to 05/01/2025,"3,9,9,1,6,1,1,4,1,3,4,8,4,1,6,7,3,5,8,6,9,3,7,9,1,7,7,5,6,1,2,3,1,4,6,1,5,5,0,0,1,2,7,0,6,2,5,9,5,5,8,8,8,5,6,7",2026-09-18 18:18:54
06/01/2025 to 12/01/2025,"5,5,6,6,3,6,7,0,1,3,6,0,1,5,8,8,4,9,9,2,2,4,8,0,3,3,8,4,3,2,4,7,4,6,8,8,7,1,2,4,7,7,9,3,7,4,6,7,2,4,8,4,4,2,3,9",2026-09-18 18:18:54
13/01/2025 to 19/01/2025,"1,4,0,5,3,3,5,5,2,7,7,6,8,1,2,5,1,1,2,4,1,5,7,9,4,8,8,0,5,6,9,0,1,4,4,9,5,2,3,0,1,3,4,8,5,1,5,9,7,8,8,3,3,1,5,7",2026-09-18 18:18:54
20/01/2025 to 26/01/2025,"5,6,8,9,0,4,6,0,1,3,9,3,8,2,8,8,1,1,0,2,1,5,6,0,1,2,7,0,1,2,3,6,1,1,3,5,4,3,5,6,1,4,5,0,6,4,5,7",2026-09-18 18:18:54
27/01/2025 to 02/02/2025,"1,6,8,5,7,4,5,8,2,4,0,6,0,1,9,0,6,7,9,2,3,1,2,0,3,0,0,3,8,1,7,0,4,5,9,8,4,2,2,0,7,0,0,7,0,5,6,9,1,5,8,4,0,4,6,0",2026-09-18 18:18:54
03/02/2025 to 09/02/2025,"2,5,5,2,7,1,6,0,1,8,0,9,5,4,4,7,6,8,0,4,3,4,9,0,4,7,7,8,7,8,9,0,3,5,9,7,8,3,7,8,3,7,0,0,1,1,2,8,3,4,7,4,2,5,8,9",2026-09-18 18:18:54
10/02/2025 to 16/02/2025,"3,8,8,9,3,5,8,0,2,5,8,5,0,2,4,4,1,3,8,2,8,4,6,8,4,6,7,7,1,4,7,0,3,4,5,2,5,7,8,0,1,3,7,1,5,3,4,8,6,6,8,0,2,1,4,7",2026-09-18 18:18:54
17/02/2025 to 23/02/2025,"8,9,9,6,7,1,7,9,1,3,9,3,2,4,8,0,1,5,8,4,0,2,9,9,2,7,0,9,9,4,7,8,3,6,8,7,6,2,5,9,2,6,8,6,5,8,8,9,2,7,9,8,1,2,9,0",2026-09-18 18:18:54
24/02/2025 to 02/03/2025,"5,5,0,0,5,2,6,7,2,3,5,0,6,5,5,6,2,4,5,1,1,1,1,9,1,2,5,8,2,6,7,9,4,5,6,5,9,2,3,4,4,6,0,0,9,5,5,9,3,6,9,8,6,2,4,0",2026-09-18 18:18:54
03/03/2025 to 09/03/2025,"5,6,7,8,7,1,2,4,5,6,6,7,1,6,6,9,1,5,0,6,9,2,8,9,3,6,7,6,4,7,8,9,2,3,8,3,5,1,4,0,3,7,0,0,2,1,5,6,5,7,0,2,8,3,5,0",2026-09-18 18:18:54
10/03/2025 to 16/03/2025,"1,1,6,8,3,2,5,6,2,3,6,1,6,7,9,0,2,8,0,0,7,5,5,7,1,2,9,2,8,1,7,0,6,9,9,4,4,1,6,7,5,9,9,3,0,2,3,5",2026-09-18 18:18:54
17/03/2025 to 23/03/2025,"5,7,7,9,3,3,5,5,1,4,7,2,6,1,6,9,1,4,9,4,7,2,7,8,1,3,6,0,8,4,5,9,3,4,9,6,1,2,4,5,2,5,0,7,3,5,8,0,1,6,0,7,5,1,6,8",2026-09-18 18:18:54
24/03/2025 to 30/03/2025,"1,2,0,3,3,4,9,0,5,6,0,1,0,1,2,7,2,2,8,2,5,2,4,9,2,6,8,6,7,2,6,9,4,6,0,0,7,3,5,9,1,2,2,5,9,9,0,0,1,0,0,1,9,4,5,0",2026-09-18 18:18:54
31/03/2025 to 06/04/2025,"1,1,7,9,4,1,3,0,1,2,3,6,8,4,6,8,4,6,7,7,1,3,9,9,5,0,0,5,1,5,7,9,1,3,6,0,7,1,7,9,2,4,6,2,2,4,8,0,2,4,0,6,8,3,7,8",2026-09-18 18:18:54
07/04/2025 to 13/04/2025,"3,5,6,4,9,1,2,6,3,6,6,5,0,3,3,4,4,5,7,6,7,2,5,0,9,9,0,8,5,4,4,7,7,8,0,5,0,6,7,7,6,8,9,3,1,1,3,7,1,7,8,6,5,1,6,8",2026-09-18 18:18:54
14/04/2025 to 20/04/2025,"2,2,7,1,2,2,5,5,1,2,3,6,2,2,0,0,1,1,8,0,0,1,4,5,3,6,0,9,4,2,3,9,1,6,7,4,0,2,8,0,4,7,8,9,6,4,5,7,7,7,8,2,1,3,8,0",2026-09-18 18:18:54
21/04/2025 to 27/04/2025,"2,6,0,8,5,3,4,8,1,2,4,7,6,8,9,9,6,7,0,3,3,5,8,0,3,3,9,5,1,1,5,5,1,3,8,2,0,5,6,9,4,4,6,4,7,1,8,8,3,5,7,5,4,7,8,9",2026-09-18 18:18:54
28/04/2025 to 04/05/2025,"1,1,9,1,9,1,9,9,6,8,0,4,8,9,9,0,2,3,8,3,5,1,6,8,4,5,6,5,5,1,5,9,4,7,9,0,0,5,6,9,1,9,0,0,7,3,6,8,3,4,8,5,2,1,4,7",2026-09-18 18:18:54
05/05/2025 to 11/05/2025,"3,5,6,4,5,2,4,9,4,4,0,8,9,2,8,9,1,4,4,9,1,2,2,7,1,3,9,3,9,4,6,9,1,2,6,9,7,4,5,8,1,2,7,0,8,1,2,5,2,5,8,5,6,1,5,0",2026-09-18 18:18:54
12/05/2025 to 18/05/2025,"3,5,7,5,7,2,7,8,4,8,9,1,3,3,4,6,6,6,7,9,0,4,8,8,3,3,6,2,6,3,4,9,2,7,9,8,1,1,4,6,2,5,6,3,2,1,4,7,5,7,8,0,9,2,3,4",2026-09-18 18:18:54
19/05/2025 to 25/05/2025,"4,5,9,8,7,5,6,6,4,5,5,4,6,2,6,8,3,8,0,1,0,5,6,9,1,6,8,5,9,3,8,8,5,7,0,2,8,5,6,7,2,2,3,7,3,6,8,9,7,7,8,2,1,5,6,0",2026-09-18 18:18:54
26/05/2025 to 01/06/2025,"4,9,0,3,2,3,4,5,1,7,0,8,0,2,2,6,8,8,0,6,7,1,8,8,4,7,0,1,5,3,6,6,3,3,8,4,1,2,9,0,1,0,0,1,5,4,5,6,5,8,0,3,2,4,8,0",2026-09-18 18:18:54
02/06/2025 to 08/06/2025,"1,3,6,0,3,3,0,0,5,7,9,1,2,4,9,9,4,8,9,1,0,2,3,5,1,5,8,4,9,4,5,0,2,4,0,6,8,1,3,4,7,0,0,7,2,3,9,0,6,0,0,6,9,1,3,5",2026-09-18 18:18:54
09/06/2025 to 15/06/2025,"3,5,8,6,3,7,8,8,1,4,6,1,5,1,5,9,6,9,0,5,1,3,9,9,1,2,9,2,4,2,3,9,6,8,8,2,8,3,5,0,1,1,5,7,0,3,8,9,3,5,9,7,9,2,8,9",2026-09-18 18:18:54
16/06/2025 to 22/06/2025,"3,3,4,0,0,4,7,9,1,1,4,6,1,2,3,6,3,7,8,8,3,1,3,9,1,6,7,4,9,5,7,7,1,8,0,9,9,4,6,9,1,2,8,1,0,4,8,8,1,3,5,9,2,5,8,9",2026-09-18 18:18:54
23/06/2025 to 29/06/2025,"2,3,0,5,7,5,5,7,3,4,8,5,0,4,6,0,4,8,0,2,8,2,7,9,6,8,0,4,6,2,5,9,2,9,0,1,2,2,5,5,3,3,7,3,1,6,7,8,3,7,9,9,9,4,6,9",2026-09-18 18:18:54
30/06/2025 to 06/07/2025,"1,8,9,8,1,1,0,0,1,2,5,8,6,2,4,0,1,5,7,3,4,7,8,9,4,0,0,4,8,8,0,0,3,6,7,6,0,5,6,9,2,8,0,0,4,1,6,7,2,4,7,3,0,5,7,8",2026-09-18 18:18:54
07/07/2025 to 13/07/2025,"3,6,0,9,8,2,3,3,1,4,9,4,3,2,3,8,1,4,6,1,2,6,7,9,5,7,0,2,2,2,3,7,3,4,6,3,3,1,4,8,7,9,0,6,0,1,2,7,1,1,5,7,2,4,8,0",2026-09-18 18:18:54
14/07/2025 to 20/07/2025,"1,6,9,6,3,5,8,0,1,5,6,2,5,2,4,9,8,8,9,5,8,2,3,3,5,9,0,4,7,3,6,8,4,5,9,8,0,3,7,0,2,7,7,6,8,5,6,7,2,7,0,9,6,4,5,7",2026-09-18 18:18:54
21/07/2025 to 27/07/2025,"2,9,9,0,8,2,7,9,2,2,0,4,1,3,3,5,3,7,8,8,3,3,4,6,1,1,0,2,9,1,3,5,1,7,9,7,7,4,4,9,4,9,0,3,8,1,3,4,1,2,6,9,9,2,8,9",2026-09-18 18:18:54
28/07/2025 to 03/08/2025,"1,3,7,1,1,4,7,0,7,9,9,5,4,4,0,0,2,4,4,0,5,4,5,6,1,8,9,8,7,1,6,0,1,2,3,6,0,1,1,8,1,4,8,3,8,2,2,4,2,0,0,2,0,4,6,0",2026-09-18 18:18:54
04/08/2025 to 10/08/2025,"2,2,3,7,2,6,8,8,2,2,6,0,8,1,2,5,2,6,0,8,0,5,7,8,1,3,0,4,3,6,8,9,7,7,9,3,3,1,5,7,7,8,0,5,5,3,5,7,3,7,9,9,8,3,7,8",2026-09-18 18:18:54
11/08/2025 to 17/08/2025,"2,3,4,9,0,5,5,0,3,4,4,1,7,1,3,3,4,4,5,3,8,1,1,6,4,5,8,7,4,2,6,6,1,6,9,6,6,2,4,0,1,3,4,8,7,3,6,8",2026-09-18 18:18:54
18/08/2025 to 24/08/2025,"1,5,5,1,6,3,5,8,4,7,9,0,0,3,8,9,1,4,0,5,4,1,6,7,6,7,8,1,5,1,6,8,6,7,7,0,7,3,5,9,3,5,0,8,1,1,1,9,1,2,9,2,0,1,4,5",2026-09-18 18:18:54
25/08/2025 to 31/08/2025,"4,4,7,5,5,1,7,7,4,9,0,3,9,5,6,8,3,9,0,2,2,5,8,9,1,9,0,0,5,2,4,9,2,4,5,1,3,1,5,7,2,7,9,8,8,1,8,9,2,3,7,2,0,3,8,9",2026-09-18 18:18:54
01/09/2025 to 07/09/2025,"3,6,9,8,7,3,4,0,2,3,0,5,9,1,3,5,4,5,6,5,1,2,3,6,6,7,0,3,0,1,4,5,2,0,0,2,7,7,0,0,1,5,6,2,0,4,6,0,3,6,8,7,2,1,4,7",2026-09-18 18:18:54
21/07/2025 To 27/07/2025,"2,9,9,0,8,2,7,9,2,2,0,4,1,3,3,5,3,7,8,8,3,3,4,6,1,1,0,2,9,1,3,5,1,7,9,7,7,4,4,9,4,9,0,3,8,1,3,4,1,2,6,9,9,2,8,9",2026-09-18 18:18:54
28/07/2025 To 03/08/2025,"1,3,7,1,1,4,7,0,7,9,9,5,4,4,0,0,2,4,4,0,5,4,5,6,1,8,9,8,7,1,6,0,1,2,3,6,0,1,1,8,1,4,8,3,8,2,2,4,2,0,0,2,0,4,6,0",2026-09-18 18:18:54
04/08/2025 To 10/08/2025,"2,2,3,7,2,6,8,8,2,2,6,0,8,1,2,5,2,6,0,8,0,5,7,8,1,3,0,4,3,6,8,9,7,7,9,3,3,1,5,7,7,8,0,5,5,3,5,7,3,7,9,9,8,3,7,8",2026-09-18 18:18:54
11/08/2025 To 17/08/2025,"2,3,4,9,0,5,5,0,3,4,4,1,7,1,3,3,4,4,5,3,8,1,1,6,4,5,8,7,4,2,6,6,1,6,9,6,6,2,4,0,1,3,4,8,7,3,6,8",2026-09-18 18:18:54
18/08/2025 To 24/08/2025,"1,5,5,1,6,3,5,8,4,7,9,0,0,3,8,9,1,4,0,5,4,1,6,7,6,7,8,1,5,1,6,8,6,7,7,0,7,3,5,9,3,5,0,8,1,1,1,9,1,2,9,2,0,1,4,5",2026-09-18 18:18:54
25/08/2025 To 31/08/2025,"4,4,7,5,5,1,7,7,4,9,0,3,9,5,6,8,3,9,0,2,2,5,8,9,1,9,0,0,5,2,4,9,2,4,5,1,3,1,5,7,2,7,9,8,8,1,8,9,2,3,7,2,0,3,8,9",2026-09-18 18:18:54
01/09/2025 To 07/09/2025,"3,6,9,8,7,3,4,0,2,3,0,5,9,1,3,5,4,5,6,5,1,2,3,6,6,7,0,3,0,1,4,5,2,0,0,2,7,7,0,0,1,5,6,2,0,4,6,0,3,6,8,7,2,1,4,7",2026-09-18 18:18:54
08/09/2025 To 14/09/2025,"2,4,6,2,3,6,8,9,2,3,4,9,6,1,1,4,4,6,9,9,1,5,6,0,4,4,9,7,0,2,9,9,7,9,9,5,6,1,7,8,2,3,3,8,2,6,7,9,7,7,9,3,7,3,5,9",2026-09-18 18:18:54
15/09/2025 To 21/09/2025,"1,1,6,8,4,1,4,9,6,6,8,0,6,1,5,0,3,5,7,5,3,1,3,9,2,7,8,7,1,1,2,8,3,0,0,3,3,1,4,8,6,7,7,0,9,1,8,0,2,5,6,3,3,4,9,0",2026-09-18 18:18:54
22/09/2025 To 28/09/2025,"2,5,0,7,4,3,5,6,3,7,0,0,5,1,4,0,4,9,9,2,9,3,6,0,2,7,7,6,4,4,5,5,1,2,6,9,0,1,4,5,2,3,8,3,2,6,7,9,2,3,7,2,4,1,6,7",2026-09-18 18:18:54
29/09/2025 To 05/10/2025,"4,8,8,0,2,3,3,6,2,5,8,5,3,7,8,8,1,4,6,1,2,7,7,8,4,5,9,8,8,1,3,4,9,0,0,9,2,1,4,7,1,9,0,0,7,1,1,5,3,4,9,6,8,2,6,0",2026-09-18 18:18:54
06/10/2025 To 12/10/2025,"5,5,7,7,6,7,9,0,4,7,7,8,0,2,8,0,2,6,7,5,5,2,3,0,1,4,4,9,4,2,4,8,1,1,4,6,6,3,5,8,7,8,9,4,4,4,4,6,1,3,7,1,3,4,9,0",2026-09-18 18:18:54
13/10/2025 To 19/10/2025,"1,5,5,1,0,5,7,8,3,6,6,5,6,2,5,9,4,6,9,9,5,8,8,9,3,4,5,2,4,3,5,6,8,0,0,8,1,3,8,0,4,5,0,9,8,3,7,8,1,5,7,3,1,4,8,9",2026-09-18 18:18:54
20/10/2025 To 26/10/2025,"6,7,7,0,7,4,5,8,5,6,0,1,7,1,8,8,4,7,7,8,1,1,4,6,6,7,0,3,5,1,6,8,3,3,9,5,8,2,7,9,4,6,7,7,3,1,3,9,4,6,0,0,0,1,9,0",2026-09-18 18:18:54
27/10/2025 To 02/11/2025,"1,8,9,8,6,6,0,0,4,7,9,0,2,1,5,6,5,9,9,3,9,1,3,5,6,8,0,4,3,2,4,7,3,4,5,2,2,5,8,9,6,9,0,5,1,5,7,9,2,5,7,4,4,5,9,0",2026-09-18 18:18:54
03/11/2025 To 09/11/2025,"7,9,0,6,9,1,8,0,3,4,4,1,2,4,8,0,3,7,0,0,7,2,6,9,1,2,2,5,4,1,3,0,2,3,9,4,5,1,4,0,1,4,7,2,9,4,7,8,3,4,5,2,6,1,1,4",2026-09-18 18:18:54
10/11/2025 To 16/11/2025,"7,8,8,3,8,1,1,6,4,5,0,9,6,1,6,9,3,7,9,9,9,3,6,0,6,7,9,2,5,1,1,3,7,8,9,4,0,2,9,9,2,4,8,4,9,1,2,6,1,5,0,6,4,1,6,7",2026-09-18 18:18:54
17/11/2025 To 23/11/2025,"2,2,6,0,6,8,8,0,3,4,7,4,9,1,3,5,5,8,8,1,5,1,1,3,3,6,6,5,1,1,3,7,1,2,3,6,2,6,6,0,3,7,7,7,6,3,6,7,5,7,0,2,9,4,6,9",2026-09-18 18:18:54
24/11/2025 To 30/11/2025,"1,8,9,8,4,2,5,7,4,4,7,5,2,1,2,9,6,8,9,3,1,2,9,0,5,6,9,0,9,5,5,9,4,5,7,6,5,2,3,0,4,7,0,1,1,5,6,0,1,1,7,9,1,1,4,6",2026-09-18 18:18:54
01/12/2025 To 07/12/2025,"2,8,8,8,3,1,5,7,5,8,0,3,2,5,8,9,2,2,5,9,5,8,8,9,2,3,5,0,7,1,7,9,2,5,9,6,3,3,3,7,4,4,8,6,4,1,5,8,1,7,0,8,9,4,5,0",2026-09-18 18:18:54
08/12/2025 To 14/12/2025,"4,9,0,3,0,4,7,9,5,6,7,8,5,7,8,0,5,9,0,4,2,4,8,0,3,8,0,1,9,3,8,8,2,5,6,3,7,3,4,0,1,7,8,6,3,2,3,8,1,4,0,5,9,4,7,8",2026-09-18 18:18:54
15/12/2025 To 21/12/2025,"1,9,9,9,8,8,0,0,2,5,5,2,1,5,7,9,3,6,8,7,8,1,3,4,1,6,6,3,1,4,8,9,3,5,8,6,8,3,7,8,2,8,0,0,3,5,8,0,6,7,9,2,2,3,4,5",2026-09-18 18:18:54
22/12/2025 To 28/12/2025,"3,4,9,6,6,1,5,0,1,2,7,0,4,2,4,8,5,7,7,9,7,4,4,9,2,5,8,5,0,1,3,6,6,6,9,1,3,7,8,8,2,4,0,6,6,1,2,3,1,9,0,0,6,2,6,8",2026-09-18 18:18:54
29/12/2025 To 04/01/2026,"7,7,9,3,2,1,3,8,4,7,7,8,9,5,6,8,3,5,7,5,6,7,9,0,1,4,5,0,4,4,5,5,1,7,8,6,4,1,4,9,4,5,6,5,5,2,6,7,4,7,9,0,4,1,1,2",2026-09-18 18:18:54
05/01/2026 To 11/01/2026,"5,9,0,4,6,3,3,0,3,9,0,2,0,5,7,8,8,9,0,7,3,5,9,9,8,8,0,6,0,4,6,0,6,7,7,0,3,2,4,7,3,7,0,0,6,1,6,9,3,8,0,1,8,3,7,8",2026-09-18 18:18:54
12/01/2026 To 18/01/2026,"4,6,7,7,6,6,0,0,5,6,9,0,5,2,5,8,5,5,0,0,8,3,5,0,1,2,8,1,3,2,5,6,4,6,8,8,0,2,3,5,1,2,0,3,2,1,2,9,4,5,0,9,6,3,5,8",2026-09-18 18:18:54
19/01/2026 To 25/01/2026,"4,5,8,7,7,1,7,9,6,9,0,5,6,4,5,7,2,0,0,2,3,1,4,8,5,7,9,1,8,1,8,9,6,6,9,1,8,4,5,9,2,6,0,8,5,2,6,7,1,9,0,0,0,1,2,7",2026-09-18 18:18:54
26/01/2026 To 01/02/2026,"1,4,4,9,5,1,1,3,3,4,9,6,3,2,4,7,1,5,6,2,1,2,9,0,1,2,5,8,7,1,6,0,5,6,0,1,4,7,8,9,3,5,6,4,2,5,8,9",2026-09-18 18:18:54
02/02/2026 To 08/02/2026,"5,7,7,9,2,3,9,0,4,4,6,4,7,1,6,0,5,5,8,8,3,4,9,0,3,4,8,5,4,3,4,7,4,5,7,6,9,4,7,8,2,8,0,0,9,3,6,0,3,4,5,2,6,3,5,8",2026-09-18 18:18:54
09/02/2026 To 15/02/2026,"1,8,0,9,5,3,6,6,7,8,8,3,6,8,9,9,1,3,4,8,0,5,6,9,3,8,9,0,9,2,7,0,4,8,0,2,1,6,7,8,1,7,0,8,5,1,5,9,3,6,8,7,0,4,6,0",2026-09-18 18:18:54
16/02/2026 To 22/02/2026,"3,6,9,8,4,2,5,7,3,8,8,9,4,6,8,0,2,2,3,7,5,7,9,9,1,4,7,2,2,6,7,9,6,8,9,3,0,4,7,9,1,4,0,5,6,3,6,7,2,3,6,1,1,4,7,0",2026-09-18 18:18:54
23/02/2026 To 01/03/2026,"7,7,8,2,6,1,5,0,3,3,9,5,2,2,3,7,4,4,5,3,3,1,5,7,1,8,8,7,4,1,4,9,1,2,5,8,8,4,6,8,3,9,9,1,7,3,5,9,2,8,0,0,3,2,3,8",2026-09-18 18:18:54
02/03/2026 To 08/03/2026,"6,8,8,2,9,6,6,7,5,6,8,9,3,2,4,7,1,1,0,2,1,1,3,7,3,3,8,4,6,3,5,8,3,5,6,4,2,1,5,6,4,6,7,7,4,2,3,9",2026-09-18 18:18:54
09/03/2026 To 15/03/2026,"3,7,0,0,5,1,5,9,2,2,8,2,0,3,8,9,3,4,0,7,7,1,2,4,1,3,8,2,1,4,8,9,2,2,0,4,4,2,5,7,9,9,0,8,7,1,6,0,6,8,0,4,3,5,8,0",2026-09-18 18:18:54
16/03/2026 To 22/03/2026,"2,2,3,7,2,6,7,9,2,5,5,2,9,1,3,5,7,8,9,4,0,4,6,0,2,4,5,1,2,3,9,0,2,2,6,0,3,1,3,9,4,7,8,9,2,5,7,0,4,7,9,0,1,1,4,6",2026-09-18 18:18:54
23/03/2026 To 29/03/2026,"2,9,0,1,4,2,6,6,2,3,7,2,8,1,1,6,1,6,6,3,7,3,4,0,1,2,7,0,9,1,2,6,2,4,0,6,8,2,7,9,1,9,9,9,1,1,3,7,4,0,0,4,6,3,4,9",2026-09-18 18:18:54
30/03/2026 To 05/04/2026,"2,3,0,5,7,7,0,0,4,5,7,6,0,5,7,8,2,3,4,9,8,5,5,8,4,6,9,9,5,1,2,2,7,7,0,4,4,4,4,6,6,9,0,5,5,2,4,9,3,7,9,9,0,5,6,9",2026-09-18 18:18:54
06/04/2026 To 12/04/2026,"5,8,9,2,5,5,0,0,2,2,7,1,6,3,4,9,3,3,0,6,3,7,8,8,1,5,7,3,6,2,7,7,1,5,8,4,9,5,6,8,2,5,0,7,9,2,7,0,1,6,0,7,3,3,4,6",2026-09-18 18:18:54
13/04/2026 To 19/04/2026,"3,6,8,7,1,2,3,6,6,0,0,6,0,1,3,6,4,7,0,1,8,8,0,0,1,5,6,2,3,6,8,9,1,2,9,2,8,1,3,4,1,4,8,3,6,2,5,9,2,6,0,8,4,2,3,9",2026-09-18 18:18:54
20/04/2026 To 26/04/2026,"2,5,7,4,5,1,2,2,5,7,9,1,3,3,0,0,1,2,7,0,1,5,6,0,4,5,6,5,6,4,4,8,5,6,6,7,1,2,2,7,4,6,7,7,8,5,6,7,1,4,6,1,3,1,4,8",2026-09-18 18:18:54
27/04/2026 To 03/05/2026,"4,4,0,8,2,5,7,0,1,2,0,3,6,7,9,0,1,1,6,8,6,1,2,3,3,6,0,9,7,5,5,7,3,5,8,6,2,1,4,7,2,4,6,2,5,2,3,0,4,7,9,0,4,1,6,7",2026-09-18 18:18:54
04/05/2026 to 10/05/2026,"6,7,0,3,3,1,6,6,2,5,5,2,1,2,4,5,3,6,7,6,4,1,5,8",2026-09-18 18:18:54
11/05/2026 to 17/05/2026,"2,2,3,7,6,5,5,6,1,8,9,8,1,3,3,5,1,3,9,3,4,3,4,7,2,3,5,0,1,3,4,4,1,4,6,1,2,4,9,9,3,5,8,6,2,1,2,9,1,4,5,0,2,1,4,7",2026-09-18 18:18:54
18/05/2026 to 24/05/2026,"5,6,9,0,0,1,3,6,3,6,9,8,8,1,3,4,2,3,0,5,9,2,8,9,2,2,7,1,6,1,6,9,7,8,0,5,0,3,7,0,6,8,9,3,2,2,2,8,1,6,6,3,3,2,5,6",2026-09-18 18:18:54
25/05/2026 to 31/05/2026,"2,7,7,6,9,3,7,9,4,7,0,1,6,4,5,7,5,7,0,2,2,2,3,7,3,4,0,7,7,5,6,6,1,4,0,5,9,1,4,4,1,8,0,9,8,1,8,9,1,2,6,9,2,4,8,0",2026-09-18 18:18:54
01/06/2026 to 07/06/2026,"1,1,8,0,4,4,5,5,8,8,0,6,5,8,8,9,4,5,9,8,5,3,5,7,6,7,8,1,1,2,4,5,5,8,0,3,4,2,4,8,2,4,6,2,9,5,6,8,4,6,7,7,7,2,7,8",2026-09-18 18:18:54
08/06/2026 to 14/06/2026,"5,9,9,3,0,4,6,0,5,7,7,9,1,6,6,9,2,4,0,6,5,2,5,8,6,9,0,5,4,3,4,7,2,3,9,4,5,7,8,0,1,1,9,1,5,1,4,0,1,3,9,3,3,2,4,7",2026-09-18 18:18:54
15/06/2026 to 21/06/2026,"1,2,9,2,1,2,3,6,3,4,0,7,0,2,3,5,3,6,7,6,8,2,2,4,4,7,7,8,1,3,8,0,1,4,9,4,2,1,3,8,3,4,5,2,4,6,8,0,1,6,7,4,2,5,7,0",2026-09-18 18:18:54
22/06/2026 to 28/06/2026,"1,2,5,8,6,1,1,4,2,9,0,1,0,3,8,9,4,5,7,6,0,6,6,8,4,5,8,7,7,2,6,9,6,6,0,2,3,2,3,8,3,6,8,7,7,4,4,9,6,8,9,3,0,1,3,6",2026-09-18 18:18:54
29/06/2026 to 05/07/2026,"2,5,8,5,0,1,2,7,2,2,8,2,7,1,6,0,5,6,0,1,2,5,8,9,5,9,0,4,2,2,4,6,1,4,5,0,6,1,6,9,4,7,0,1,6,2,5,9,4,6,8,8,2,1,4,7",2026-09-18 18:18:54
06/07/2026 to 12/07/2026,"5,7,0,2,8,2,6,0,5,6,9,0,8,1,1,6,3,4,8,5,1,2,3,6,5,8,0,3,0,2,2,6,3,6,7,6,2,1,2,9,3,3,9,5,7,1,2,4,5,7,9,1,1,1,4,6",2026-09-18 18:18:54
13/07/2026 to 19/07/2026,"4,4,8,6,1,4,8,9,2,8,0,0,3,1,4,8,6,9,0,5,5,2,4,9,2,7,0,9,9,1,4,4,1,3,8,2,6,1,6,9,2,7,8,7,1,6,7,8,2,6,8,6,6,1,2,3",2026-09-18 18:18:54
20/07/2026 to 26/07/2026,"1,8,8,7,2,1,1,0,5,6,0,1,0,1,3,6,3,6,9,8,8,3,7,8,3,4,6,3,6,1,7,8,1,5,6,2,1,1,3,6,7,9,0,6,7,3,5,9,1,4,6,1,9,1,3,5",2026-09-18 18:18:54
27/07/2026 to 02/08/2026,"3,5,0,8,2,3,3,6,2,9,0,1,6,1,2,3,4,7,9,0,6,8,9,9,3,5,7,5,2,7,7,8,4,4,9,7,4,3,4,7,1,6,7,4,3,5,8,0,1,1,4,6,8,8,0,0",2026-09-18 18:18:54
03/08/2026 to 09/08/2026,"2,8,8,8,5,3,6,6,2,5,6,3,5,1,4,0,4,6,8,8,6,2,4,0,1,9,0,0,6,3,5,8,5,7,9,1,2,6,7,9,4,5,7,6,5,1,7,7,6,7,0,3,3,4,9,0",2026-09-18 18:18:54
10/08/2026 to 16/08/2026,"5,7,0,2,3,3,0,0,1,7,8,6,5,2,5,8,1,2,7,0,8,1,3,4,4,8,9,1,9,4,5,0,2,2,0,4,8,1,7,0,1,5,7,3,0,2,8,0",2026-09-18 18:18:54
17/08/2026 to 23/08/2026,"1,9,9,9,6,4,4,8,3,7,7,7,1,2,2,7,7,7,0,4,6,6,0,0,1,2,4,7,8,1,8,9,3,4,5,2,0,2,3,5,1,2,0,3,1,5,6,0,3,6,8,7,1,3,8,0",2026-09-18 18:18:54
24/08/2026 to 30/08/2026,"2,4,7,3,6,1,6,9,4,5,5,4,3,5,8,0,6,0,0,6,8,9,9,0,5,6,7,8,5,1,5,9,1,3,5,9,7,8,9,0,1,4,7,2,0,1,9,0,3,7,0,0,1,1,3,7",2026-09-18 18:18:54
31/08/2026 to 06/09/2026,"6,9,0,5,6,3,4,9,5,6,9,0,9,1,4,4,6,6,8,0,2,2,5,5,1,4,9,4,8,2,3,3,5,7,0,2,1,4,7,0,1,6,9,6,3,3,3,7,3,6,9,8,4,2,3,9",2026-09-18 18:18:54
07/09/2026 to 13/09/2026,"2,0,0,2,5,3,5,7,6,8,9,3,0,1,4,5,4,7,9,0,6,2,7,7,1,2,5,8,2,3,4,5,3,7,7,7,1,5,6,0,1,3,9,3,0,1,9,0,1,4,8,3,0,5,7,8",2026-09-18 18:18:54
14/09/2026 to 20/09/2026,"4,8,9,1,7,4,5,8,5,5,0,0,8,4,6,8,6,8,8,2,1,5,7,9,5,9,9,3,9,2,2,5,3,9,0,2,8,5,5,8",2026-09-18 18:18:54
